{
  "id": "3370701",
  "name": "Travel",
  "font_family": "iconfont",
  "css_prefix_text": "icon",
  "description": "Travel",
  "glyphs": [
    {
      "icon_id": "12103029",
      "name": "图片",
      "font_class": "tupian",
      "unicode": "e61e",
      "unicode_decimal": 58910
    },
    {
      "icon_id": "2674472",
      "name": "返回",
      "font_class": "fanhui",
      "unicode": "e624",
      "unicode_decimal": 58916
    },
    {
      "icon_id": "2674929",
      "name": "箭头 下",
      "font_class": "jiantouxia",
      "unicode": "e62d",
      "unicode_decimal": 58925
    },
    {
      "icon_id": "2675116",
      "name": "搜索",
      "font_class": "sousuo",
      "unicode": "e632",
      "unicode_decimal": 58930
    }
  ]
}
